"source","ef_publishdate","ef_activedate","ef_retiredate","ef_activeyear","service_type","emission_category","emission_scope","country","subregion","service_type_unit","ghg","ghg_unit","source_emission_factor","unit_conversion","conversion_factor","ghg_emission_factor"
"EPA CCCL Emission Factors for GHG Inventories","2023/09/12 00:00:00","2024/01/01 00:00:00",NA,2024,"Aviation Gasoline","Mobile","scope 1","United States",NA,"gallons","CO2","kg",8.31,1,"kg_per_kg",8.31
"EPA CCCL Emission Factors for GHG Inventories","2023/09/12 00:00:00","2024/01/01 00:00:00",NA,2024,"Aviation Gasoline","Mobile","scope 1","United States",NA,"gallons","CH4","kg",NA,1,"kg_per_kg",0
"EPA CCCL Emission Factors for GHG Inventories","2023/09/12 00:00:00","2024/01/01 00:00:00",NA,2024,"Aviation Gasoline","Mobile","scope 1","United States",NA,"gallons","N2O","kg",NA,1,"kg_per_kg",0
"EPA CCCL Emission Factors for GHG Inventories","2023/09/12 00:00:00","2024/01/01 00:00:00",NA,2024,"Biodiesel (100%)","Mobile","scope 1","United States",NA,"gallons","CO2","kg",9.45,1,"kg_per_kg",9.45
"EPA CCCL Emission Factors for GHG Inventories","2023/09/12 00:00:00","2024/01/01 00:00:00",NA,2024,"Biodiesel (100%)","Mobile","scope 1","United States",NA,"gallons","CH4","kg",NA,1,"kg_per_kg",0
"EPA CCCL Emission Factors for GHG Inventories","2023/09/12 00:00:00","2024/01/01 00:00:00",NA,2024,"Biodiesel (100%)","Mobile","scope 1","United States",NA,"gallons","N2O","kg",NA,1,"kg_per_kg",0
"EPA CCCL Emission Factors for GHG Inventories","2023/09/12 00:00:00","2024/01/01 00:00:00",NA,2024,"Compressed Natural Gas (CNG)","Mobile","scope 1","United States",NA,"scf","CO2","kg",0.05444,1,"kg_per_kg",0.05444
"EPA CCCL Emission Factors for GHG Inventories","2023/09/12 00:00:00","2024/01/01 00:00:00",NA,2024,"Compressed Natural Gas (CNG)","Mobile","scope 1","United States",NA,"scf","CH4","kg",NA,1,"kg_per_kg",0
"EPA CCCL Emission Factors for GHG Inventories","2023/09/12 00:00:00","2024/01/01 00:00:00",NA,2024,"Compressed Natural Gas (CNG)","Mobile","scope 1","United States",NA,"scf","N2O","kg",NA,1,"kg_per_kg",0
"EPA CCCL Emission Factors for GHG Inventories","2023/09/12 00:00:00","2024/01/01 00:00:00",NA,2024,"Diesel Fuel","Mobile","scope 1","United States",NA,"gallons","CO2","kg",10.21,1,"kg_per_kg",10.21
"EPA CCCL Emission Factors for GHG Inventories","2023/09/12 00:00:00","2024/01/01 00:00:00",NA,2024,"Diesel Fuel","Mobile","scope 1","United States",NA,"gallons","CH4","kg",NA,1,"kg_per_kg",0
"EPA CCCL Emission Factors for GHG Inventories","2023/09/12 00:00:00","2024/01/01 00:00:00",NA,2024,"Diesel Fuel","Mobile","scope 1","United States",NA,"gallons","N2O","kg",NA,1,"kg_per_kg",0
"EPA CCCL Emission Factors for GHG Inventories","2023/09/12 00:00:00","2024/01/01 00:00:00",NA,2024,"Ethanol (100%)","Mobile","scope 1","United States",NA,"gallons","CO2","kg",5.75,1,"kg_per_kg",5.75
"EPA CCCL Emission Factors for GHG Inventories","2023/09/12 00:00:00","2024/01/01 00:00:00",NA,2024,"Ethanol (100%)","Mobile","scope 1","United States",NA,"gallons","CH4","kg",NA,1,"kg_per_kg",0
"EPA CCCL Emission Factors for GHG Inventories","2023/09/12 00:00:00","2024/01/01 00:00:00",NA,2024,"Ethanol (100%)","Mobile","scope 1","United States",NA,"gallons","N2O","kg",NA,1,"kg_per_kg",0
"EPA CCCL Emission Factors for GHG Inventories","2023/09/12 00:00:00","2024/01/01 00:00:00",NA,2024,"Kerosene-Type Jet Fuel","Mobile","scope 1","United States",NA,"gallons","CO2","kg",9.75,1,"kg_per_kg",9.75
"EPA CCCL Emission Factors for GHG Inventories","2023/09/12 00:00:00","2024/01/01 00:00:00",NA,2024,"Kerosene-Type Jet Fuel","Mobile","scope 1","United States",NA,"gallons","CH4","kg",NA,1,"kg_per_kg",0
"EPA CCCL Emission Factors for GHG Inventories","2023/09/12 00:00:00","2024/01/01 00:00:00",NA,2024,"Kerosene-Type Jet Fuel","Mobile","scope 1","United States",NA,"gallons","N2O","kg",NA,1,"kg_per_kg",0
"EPA CCCL Emission Factors for GHG Inventories","2023/09/12 00:00:00","2024/01/01 00:00:00",NA,2024,"Liquefied Natural Gas (LNG)","Mobile","scope 1","United States",NA,"gallons","CO2","kg",4.5,1,"kg_per_kg",4.5
"EPA CCCL Emission Factors for GHG Inventories","2023/09/12 00:00:00","2024/01/01 00:00:00",NA,2024,"Liquefied Natural Gas (LNG)","Mobile","scope 1","United States",NA,"gallons","CH4","kg",NA,1,"kg_per_kg",0
"EPA CCCL Emission Factors for GHG Inventories","2023/09/12 00:00:00","2024/01/01 00:00:00",NA,2024,"Liquefied Natural Gas (LNG)","Mobile","scope 1","United States",NA,"gallons","N2O","kg",NA,1,"kg_per_kg",0
"EPA CCCL Emission Factors for GHG Inventories","2023/09/12 00:00:00","2024/01/01 00:00:00",NA,2024,"Liquefied Petroleum Gases (LPG)","Mobile","scope 1","United States",NA,"gallons","CO2","kg",5.68,1,"kg_per_kg",5.68
"EPA CCCL Emission Factors for GHG Inventories","2023/09/12 00:00:00","2024/01/01 00:00:00",NA,2024,"Liquefied Petroleum Gases (LPG)","Mobile","scope 1","United States",NA,"gallons","CH4","kg",NA,1,"kg_per_kg",0
"EPA CCCL Emission Factors for GHG Inventories","2023/09/12 00:00:00","2024/01/01 00:00:00",NA,2024,"Liquefied Petroleum Gases (LPG)","Mobile","scope 1","United States",NA,"gallons","N2O","kg",NA,1,"kg_per_kg",0
"EPA CCCL Emission Factors for GHG Inventories","2023/09/12 00:00:00","2024/01/01 00:00:00",NA,2024,"Motor Gasoline","Mobile","scope 1","United States",NA,"gallons","CO2","kg",8.78,1,"kg_per_kg",8.78
"EPA CCCL Emission Factors for GHG Inventories","2023/09/12 00:00:00","2024/01/01 00:00:00",NA,2024,"Motor Gasoline","Mobile","scope 1","United States",NA,"gallons","CH4","kg",NA,1,"kg_per_kg",0
"EPA CCCL Emission Factors for GHG Inventories","2023/09/12 00:00:00","2024/01/01 00:00:00",NA,2024,"Motor Gasoline","Mobile","scope 1","United States",NA,"gallons","N2O","kg",NA,1,"kg_per_kg",0
"EPA CCCL Emission Factors for GHG Inventories","2023/09/12 00:00:00","2024/01/01 00:00:00",NA,2024,"Residual Fuel Oil","Mobile","scope 1","United States",NA,"gallons","CO2","kg",11.27,1,"kg_per_kg",11.27
"EPA CCCL Emission Factors for GHG Inventories","2023/09/12 00:00:00","2024/01/01 00:00:00",NA,2024,"Residual Fuel Oil","Mobile","scope 1","United States",NA,"gallons","CH4","kg",NA,1,"kg_per_kg",0
"EPA CCCL Emission Factors for GHG Inventories","2023/09/12 00:00:00","2024/01/01 00:00:00",NA,2024,"Residual Fuel Oil","Mobile","scope 1","United States",NA,"gallons","N2O","kg",NA,1,"kg_per_kg",0
"EPA CCCL Emission Factors for GHG Inventories","2023/09/12 00:00:00","2024/01/01 00:00:00",NA,2024,"Asphalt and Road Oil","Stationary","scope 1","United States",NA,"gallons","CO2","kg",11.91,1,"kg_per_kg",11.91
"EPA CCCL Emission Factors for GHG Inventories","2023/09/12 00:00:00","2024/01/01 00:00:00",NA,2024,"Asphalt and Road Oil","Stationary","scope 1","United States",NA,"gallons","CH4","kg",4.7e-4,1,"kg_per_kg",4.7e-4
"EPA CCCL Emission Factors for GHG Inventories","2023/09/12 00:00:00","2024/01/01 00:00:00",NA,2024,"Asphalt and Road Oil","Stationary","scope 1","United States",NA,"gallons","N2O","kg",9e-5,1,"kg_per_kg",9e-5
"EPA CCCL Emission Factors for GHG Inventories","2023/09/12 00:00:00","2024/01/01 00:00:00",NA,2024,"Aviation Gasoline","Stationary","scope 1","United States",NA,"gallons","CO2","kg",8.31,1,"kg_per_kg",8.31
"EPA CCCL Emission Factors for GHG Inventories","2023/09/12 00:00:00","2024/01/01 00:00:00",NA,2024,"Aviation Gasoline","Stationary","scope 1","United States",NA,"gallons","CH4","kg",3.6e-4,1,"kg_per_kg",3.6e-4
"EPA CCCL Emission Factors for GHG Inventories","2023/09/12 00:00:00","2024/01/01 00:00:00",NA,2024,"Aviation Gasoline","Stationary","scope 1","United States",NA,"gallons","N2O","kg",7e-5,1,"kg_per_kg",7e-5
"EPA CCCL Emission Factors for GHG Inventories","2023/09/12 00:00:00","2024/01/01 00:00:00",NA,2024,"Butane","Stationary","scope 1","United States",NA,"gallons","CO2","kg",6.67,1,"kg_per_kg",6.67
"EPA CCCL Emission Factors for GHG Inventories","2023/09/12 00:00:00","2024/01/01 00:00:00",NA,2024,"Butane","Stationary","scope 1","United States",NA,"gallons","CH4","kg",3.1e-4,1,"kg_per_kg",3.1e-4
"EPA CCCL Emission Factors for GHG Inventories","2023/09/12 00:00:00","2024/01/01 00:00:00",NA,2024,"Butane","Stationary","scope 1","United States",NA,"gallons","N2O","kg",6e-5,1,"kg_per_kg",6e-5
"EPA CCCL Emission Factors for GHG Inventories","2023/09/12 00:00:00","2024/01/01 00:00:00",NA,2024,"Butylene","Stationary","scope 1","United States",NA,"gallons","CO2","kg",7.22,1,"kg_per_kg",7.22
"EPA CCCL Emission Factors for GHG Inventories","2023/09/12 00:00:00","2024/01/01 00:00:00",NA,2024,"Butylene","Stationary","scope 1","United States",NA,"gallons","CH4","kg",3.2e-4,1,"kg_per_kg",3.2e-4
"EPA CCCL Emission Factors for GHG Inventories","2023/09/12 00:00:00","2024/01/01 00:00:00",NA,2024,"Butylene","Stationary","scope 1","United States",NA,"gallons","N2O","kg",6e-5,1,"kg_per_kg",6e-5
"EPA CCCL Emission Factors for GHG Inventories","2023/09/12 00:00:00","2024/01/01 00:00:00",NA,2024,"Crude Oil","Stationary","scope 1","United States",NA,"gallons","CO2","kg",10.29,1,"kg_per_kg",10.29
"EPA CCCL Emission Factors for GHG Inventories","2023/09/12 00:00:00","2024/01/01 00:00:00",NA,2024,"Crude Oil","Stationary","scope 1","United States",NA,"gallons","CH4","kg",4.1e-4,1,"kg_per_kg",4.1e-4
"EPA CCCL Emission Factors for GHG Inventories","2023/09/12 00:00:00","2024/01/01 00:00:00",NA,2024,"Crude Oil","Stationary","scope 1","United States",NA,"gallons","N2O","kg",8e-5,1,"kg_per_kg",8e-5
"EPA CCCL Emission Factors for GHG Inventories","2023/09/12 00:00:00","2024/01/01 00:00:00",NA,2024,"Distillate Fuel Oil No. 1","Stationary","scope 1","United States",NA,"gallons","CO2","kg",10.18,1,"kg_per_kg",10.18
"EPA CCCL Emission Factors for GHG Inventories","2023/09/12 00:00:00","2024/01/01 00:00:00",NA,2024,"Distillate Fuel Oil No. 1","Stationary","scope 1","United States",NA,"gallons","CH4","kg",4.2e-4,1,"kg_per_kg",4.2e-4
"EPA CCCL Emission Factors for GHG Inventories","2023/09/12 00:00:00","2024/01/01 00:00:00",NA,2024,"Distillate Fuel Oil No. 1","Stationary","scope 1","United States",NA,"gallons","N2O","kg",8e-5,1,"kg_per_kg",8e-5
"EPA CCCL Emission Factors for GHG Inventories","2023/09/12 00:00:00","2024/01/01 00:00:00",NA,2024,"Distillate Fuel Oil No. 2","Stationary","scope 1","United States",NA,"gallons","CO2","kg",10.21,1,"kg_per_kg",10.21
"EPA CCCL Emission Factors for GHG Inventories","2023/09/12 00:00:00","2024/01/01 00:00:00",NA,2024,"Distillate Fuel Oil No. 2","Stationary","scope 1","United States",NA,"gallons","CH4","kg",4.1e-4,1,"kg_per_kg",4.1e-4
"EPA CCCL Emission Factors for GHG Inventories","2023/09/12 00:00:00","2024/01/01 00:00:00",NA,2024,"Distillate Fuel Oil No. 2","Stationary","scope 1","United States",NA,"gallons","N2O","kg",8e-5,1,"kg_per_kg",8e-5
"EPA CCCL Emission Factors for GHG Inventories","2023/09/12 00:00:00","2024/01/01 00:00:00",NA,2024,"Distillate Fuel Oil No. 4","Stationary","scope 1","United States",NA,"gallons","CO2","kg",10.96,1,"kg_per_kg",10.96
"EPA CCCL Emission Factors for GHG Inventories","2023/09/12 00:00:00","2024/01/01 00:00:00",NA,2024,"Distillate Fuel Oil No. 4","Stationary","scope 1","United States",NA,"gallons","CH4","kg",4.4e-4,1,"kg_per_kg",4.4e-4
"EPA CCCL Emission Factors for GHG Inventories","2023/09/12 00:00:00","2024/01/01 00:00:00",NA,2024,"Distillate Fuel Oil No. 4","Stationary","scope 1","United States",NA,"gallons","N2O","kg",9e-5,1,"kg_per_kg",9e-5
"EPA CCCL Emission Factors for GHG Inventories","2023/09/12 00:00:00","2024/01/01 00:00:00",NA,2024,"Ethane","Stationary","scope 1","United States",NA,"gallons","CO2","kg",4.05,1,"kg_per_kg",4.05
"EPA CCCL Emission Factors for GHG Inventories","2023/09/12 00:00:00","2024/01/01 00:00:00",NA,2024,"Ethane","Stationary","scope 1","United States",NA,"gallons","CH4","kg",2e-4,1,"kg_per_kg",2e-4
"EPA CCCL Emission Factors for GHG Inventories","2023/09/12 00:00:00","2024/01/01 00:00:00",NA,2024,"Ethane","Stationary","scope 1","United States",NA,"gallons","N2O","kg",4e-5,1,"kg_per_kg",4e-5
"EPA CCCL Emission Factors for GHG Inventories","2023/09/12 00:00:00","2024/01/01 00:00:00",NA,2024,"Ethylene","Stationary","scope 1","United States",NA,"gallons","CO2","kg",3.83,1,"kg_per_kg",3.83
"EPA CCCL Emission Factors for GHG Inventories","2023/09/12 00:00:00","2024/01/01 00:00:00",NA,2024,"Ethylene","Stationary","scope 1","United States",NA,"gallons","CH4","kg",1.7e-4,1,"kg_per_kg",1.7e-4
"EPA CCCL Emission Factors for GHG Inventories","2023/09/12 00:00:00","2024/01/01 00:00:00",NA,2024,"Ethylene","Stationary","scope 1","United States",NA,"gallons","N2O","kg",3e-5,1,"kg_per_kg",3e-5
"EPA CCCL Emission Factors for GHG Inventories","2023/09/12 00:00:00","2024/01/01 00:00:00",NA,2024,"Heavy Gas Oils","Stationary","scope 1","United States",NA,"gallons","CO2","kg",11.09,1,"kg_per_kg",11.09
"EPA CCCL Emission Factors for GHG Inventories","2023/09/12 00:00:00","2024/01/01 00:00:00",NA,2024,"Heavy Gas Oils","Stationary","scope 1","United States",NA,"gallons","CH4","kg",4.4e-4,1,"kg_per_kg",4.4e-4
"EPA CCCL Emission Factors for GHG Inventories","2023/09/12 00:00:00","2024/01/01 00:00:00",NA,2024,"Heavy Gas Oils","Stationary","scope 1","United States",NA,"gallons","N2O","kg",9e-5,1,"kg_per_kg",9e-5
"EPA CCCL Emission Factors for GHG Inventories","2023/09/12 00:00:00","2024/01/01 00:00:00",NA,2024,"Isobutane","Stationary","scope 1","United States",NA,"gallons","CO2","kg",6.43,1,"kg_per_kg",6.43
"EPA CCCL Emission Factors for GHG Inventories","2023/09/12 00:00:00","2024/01/01 00:00:00",NA,2024,"Isobutane","Stationary","scope 1","United States",NA,"gallons","CH4","kg",3e-4,1,"kg_per_kg",3e-4
"EPA CCCL Emission Factors for GHG Inventories","2023/09/12 00:00:00","2024/01/01 00:00:00",NA,2024,"Isobutane","Stationary","scope 1","United States",NA,"gallons","N2O","kg",6e-5,1,"kg_per_kg",6e-5
"EPA CCCL Emission Factors for GHG Inventories","2023/09/12 00:00:00","2024/01/01 00:00:00",NA,2024,"Isobutylene","Stationary","scope 1","United States",NA,"gallons","CO2","kg",7.09,1,"kg_per_kg",7.09
"EPA CCCL Emission Factors for GHG Inventories","2023/09/12 00:00:00","2024/01/01 00:00:00",NA,2024,"Isobutylene","Stationary","scope 1","United States",NA,"gallons","CH4","kg",3.1e-4,1,"kg_per_kg",3.1e-4
"EPA CCCL Emission Factors for GHG Inventories","2023/09/12 00:00:00","2024/01/01 00:00:00",NA,2024,"Isobutylene","Stationary","scope 1","United States",NA,"gallons","N2O","kg",6e-5,1,"kg_per_kg",6e-5
"EPA CCCL Emission Factors for GHG Inventories","2023/09/12 00:00:00","2024/01/01 00:00:00",NA,2024,"Kerosene","Stationary","scope 1","United States",NA,"gallons","CO2","kg",10.15,1,"kg_per_kg",10.15
"EPA CCCL Emission Factors for GHG Inventories","2023/09/12 00:00:00","2024/01/01 00:00:00",NA,2024,"Kerosene","Stationary","scope 1","United States",NA,"gallons","CH4","kg",4.1e-4,1,"kg_per_kg",4.1e-4
"EPA CCCL Emission Factors for GHG Inventories","2023/09/12 00:00:00","2024/01/01 00:00:00",NA,2024,"Kerosene","Stationary","scope 1","United States",NA,"gallons","N2O","kg",8e-5,1,"kg_per_kg",8e-5
"EPA CCCL Emission Factors for GHG Inventories","2023/09/12 00:00:00","2024/01/01 00:00:00",NA,2024,"Kerosene-Type Jet Fuel","Stationary","scope 1","United States",NA,"gallons","CO2","kg",9.75,1,"kg_per_kg",9.75
"EPA CCCL Emission Factors for GHG Inventories","2023/09/12 00:00:00","2024/01/01 00:00:00",NA,2024,"Kerosene-Type Jet Fuel","Stationary","scope 1","United States",NA,"gallons","CH4","kg",4.1e-4,1,"kg_per_kg",4.1e-4
"EPA CCCL Emission Factors for GHG Inventories","2023/09/12 00:00:00","2024/01/01 00:00:00",NA,2024,"Kerosene-Type Jet Fuel","Stationary","scope 1","United States",NA,"gallons","N2O","kg",8e-5,1,"kg_per_kg",8e-5
"EPA CCCL Emission Factors for GHG Inventories","2023/09/12 00:00:00","2024/01/01 00:00:00",NA,2024,"Liquefied Petroleum Gases (LPG)","Stationary","scope 1","United States",NA,"gallons","CO2","kg",5.68,1,"kg_per_kg",5.68
"EPA CCCL Emission Factors for GHG Inventories","2023/09/12 00:00:00","2024/01/01 00:00:00",NA,2024,"Liquefied Petroleum Gases (LPG)","Stationary","scope 1","United States",NA,"gallons","CH4","kg",2.8e-4,1,"kg_per_kg",2.8e-4
"EPA CCCL Emission Factors for GHG Inventories","2023/09/12 00:00:00","2024/01/01 00:00:00",NA,2024,"Liquefied Petroleum Gases (LPG)","Stationary","scope 1","United States",NA,"gallons","N2O","kg",6e-5,1,"kg_per_kg",6e-5
"EPA CCCL Emission Factors for GHG Inventories","2023/09/12 00:00:00","2024/01/01 00:00:00",NA,2024,"Lubricants","Stationary","scope 1","United States",NA,"gallons","CO2","kg",10.69,1,"kg_per_kg",10.69
"EPA CCCL Emission Factors for GHG Inventories","2023/09/12 00:00:00","2024/01/01 00:00:00",NA,2024,"Lubricants","Stationary","scope 1","United States",NA,"gallons","CH4","kg",4.3e-4,1,"kg_per_kg",4.3e-4
"EPA CCCL Emission Factors for GHG Inventories","2023/09/12 00:00:00","2024/01/01 00:00:00",NA,2024,"Lubricants","Stationary","scope 1","United States",NA,"gallons","N2O","kg",9e-5,1,"kg_per_kg",9e-5
"EPA CCCL Emission Factors for GHG Inventories","2023/09/12 00:00:00","2024/01/01 00:00:00",NA,2024,"Motor Gasoline","Stationary","scope 1","United States",NA,"gallons","CO2","kg",8.78,1,"kg_per_kg",8.78
"EPA CCCL Emission Factors for GHG Inventories","2023/09/12 00:00:00","2024/01/01 00:00:00",NA,2024,"Motor Gasoline","Stationary","scope 1","United States",NA,"gallons","CH4","kg",3.8e-4,1,"kg_per_kg",3.8e-4
"EPA CCCL Emission Factors for GHG Inventories","2023/09/12 00:00:00","2024/01/01 00:00:00",NA,2024,"Motor Gasoline","Stationary","scope 1","United States",NA,"gallons","N2O","kg",8e-5,1,"kg_per_kg",8e-5
"EPA CCCL Emission Factors for GHG Inventories","2023/09/12 00:00:00","2024/01/01 00:00:00",NA,2024,"Naphtha (<401 deg F)","Stationary","scope 1","United States",NA,"gallons","CO2","kg",8.5,1,"kg_per_kg",8.5
"EPA CCCL Emission Factors for GHG Inventories","2023/09/12 00:00:00","2024/01/01 00:00:00",NA,2024,"Naphtha (<401 deg F)","Stationary","scope 1","United States",NA,"gallons","CH4","kg",3.8e-4,1,"kg_per_kg",3.8e-4
"EPA CCCL Emission Factors for GHG Inventories","2023/09/12 00:00:00","2024/01/01 00:00:00",NA,2024,"Naphtha (<401 deg F)","Stationary","scope 1","United States",NA,"gallons","N2O","kg",8e-5,1,"kg_per_kg",8e-5
"EPA CCCL Emission Factors for GHG Inventories","2023/09/12 00:00:00","2024/01/01 00:00:00",NA,2024,"Natural Gas","Stationary","scope 1","United States",NA,"scf","CO2","kg",0.05444,1,"kg_per_kg",0.05444
"EPA CCCL Emission Factors for GHG Inventories","2023/09/12 00:00:00","2024/01/01 00:00:00",NA,2024,"Natural Gas","Stationary","scope 1","United States",NA,"mmBtu","CO2","kg",53.06,1,"kg_per_kg",53.06
"EPA CCCL Emission Factors for GHG Inventories","2023/09/12 00:00:00","2024/01/01 00:00:00",NA,2024,"Natural Gas","Stationary","scope 1","United States",NA,"therms","CO2","kg",5.306,1,"kg_per_kg",5.306
"EPA CCCL Emission Factors for GHG Inventories","2023/09/12 00:00:00","2024/01/01 00:00:00",NA,2024,"Natural Gas","Stationary","scope 1","United States",NA,"scf","CH4","kg",1.03e-6,1,"kg_per_kg",1.03e-6
"EPA CCCL Emission Factors for GHG Inventories","2023/09/12 00:00:00","2024/01/01 00:00:00",NA,2024,"Natural Gas","Stationary","scope 1","United States",NA,"mmBtu","CH4","kg",0.001,1,"kg_per_kg",0.001
"EPA CCCL Emission Factors for GHG Inventories","2023/09/12 00:00:00","2024/01/01 00:00:00",NA,2024,"Natural Gas","Stationary","scope 1","United States",NA,"therms","CH4","kg",1e-4,1,"kg_per_kg",1e-4
"EPA CCCL Emission Factors for GHG Inventories","2023/09/12 00:00:00","2024/01/01 00:00:00",NA,2024,"Natural Gas","Stationary","scope 1","United States",NA,"scf","N2O","kg",1e-7,1,"kg_per_kg",1e-7
"EPA CCCL Emission Factors for GHG Inventories","2023/09/12 00:00:00","2024/01/01 00:00:00",NA,2024,"Natural Gas","Stationary","scope 1","United States",NA,"mmBtu","N2O","kg",1e-4,1,"kg_per_kg",1e-4
"EPA CCCL Emission Factors for GHG Inventories","2023/09/12 00:00:00","2024/01/01 00:00:00",NA,2024,"Natural Gas","Stationary","scope 1","United States",NA,"therms","N2O","kg",1e-5,1,"kg_per_kg",1e-5
"EPA CCCL Emission Factors for GHG Inventories","2023/09/12 00:00:00","2024/01/01 00:00:00",NA,2024,"Natural Gasoline","Stationary","scope 1","United States",NA,"gallons","CO2","kg",7.36,1,"kg_per_kg",7.36
"EPA CCCL Emission Factors for GHG Inventories","2023/09/12 00:00:00","2024/01/01 00:00:00",NA,2024,"Natural Gasoline","Stationary","scope 1","United States",NA,"gallons","CH4","kg",3.3e-4,1,"kg_per_kg",3.3e-4
"EPA CCCL Emission Factors for GHG Inventories","2023/09/12 00:00:00","2024/01/01 00:00:00",NA,2024,"Natural Gasoline","Stationary","scope 1","United States",NA,"gallons","N2O","kg",7e-5,1,"kg_per_kg",7e-5
"EPA CCCL Emission Factors for GHG Inventories","2023/09/12 00:00:00","2024/01/01 00:00:00",NA,2024,"Other Oil (>401 deg F)","Stationary","scope 1","United States",NA,"gallons","CO2","kg",10.59,1,"kg_per_kg",10.59
"EPA CCCL Emission Factors for GHG Inventories","2023/09/12 00:00:00","2024/01/01 00:00:00",NA,2024,"Other Oil (>401 deg F)","Stationary","scope 1","United States",NA,"gallons","CH4","kg",4.2e-4,1,"kg_per_kg",4.2e-4
"EPA CCCL Emission Factors for GHG Inventories","2023/09/12 00:00:00","2024/01/01 00:00:00",NA,2024,"Other Oil (>401 deg F)","Stationary","scope 1","United States",NA,"gallons","N2O","kg",8e-5,1,"kg_per_kg",8e-5
"EPA CCCL Emission Factors for GHG Inventories","2023/09/12 00:00:00","2024/01/01 00:00:00",NA,2024,"Pentanes Plus","Stationary","scope 1","United States",NA,"gallons","CO2","kg",7.7,1,"kg_per_kg",7.7
"EPA CCCL Emission Factors for GHG Inventories","2023/09/12 00:00:00","2024/01/01 00:00:00",NA,2024,"Pentanes Plus","Stationary","scope 1","United States",NA,"gallons","CH4","kg",3.3e-4,1,"kg_per_kg",3.3e-4
"EPA CCCL Emission Factors for GHG Inventories","2023/09/12 00:00:00","2024/01/01 00:00:00",NA,2024,"Pentanes Plus","Stationary","scope 1","United States",NA,"gallons","N2O","kg",7e-5,1,"kg_per_kg",7e-5
"EPA CCCL Emission Factors for GHG Inventories","2023/09/12 00:00:00","2024/01/01 00:00:00",NA,2024,"Petrochemical Feedstocks","Stationary","scope 1","United States",NA,"gallons","CO2","kg",8.88,1,"kg_per_kg",8.88
"EPA CCCL Emission Factors for GHG Inventories","2023/09/12 00:00:00","2024/01/01 00:00:00",NA,2024,"Petrochemical Feedstocks","Stationary","scope 1","United States",NA,"gallons","CH4","kg",3.8e-4,1,"kg_per_kg",3.8e-4
"EPA CCCL Emission Factors for GHG Inventories","2023/09/12 00:00:00","2024/01/01 00:00:00",NA,2024,"Petrochemical Feedstocks","Stationary","scope 1","United States",NA,"gallons","N2O","kg",8e-5,1,"kg_per_kg",8e-5
"EPA CCCL Emission Factors for GHG Inventories","2023/09/12 00:00:00","2024/01/01 00:00:00",NA,2024,"Propane","Stationary","scope 1","United States",NA,"gallons","CO2","kg",5.72,1,"kg_per_kg",5.72
"EPA CCCL Emission Factors for GHG Inventories","2023/09/12 00:00:00","2024/01/01 00:00:00",NA,2024,"Propane","Stationary","scope 1","United States",NA,"gallons","CH4","kg",2.7e-4,1,"kg_per_kg",2.7e-4
"EPA CCCL Emission Factors for GHG Inventories","2023/09/12 00:00:00","2024/01/01 00:00:00",NA,2024,"Propane","Stationary","scope 1","United States",NA,"gallons","N2O","kg",5e-5,1,"kg_per_kg",5e-5
"EPA CCCL Emission Factors for GHG Inventories","2023/09/12 00:00:00","2024/01/01 00:00:00",NA,2024,"Propylene","Stationary","scope 1","United States",NA,"gallons","CO2","kg",6.17,1,"kg_per_kg",6.17
"EPA CCCL Emission Factors for GHG Inventories","2023/09/12 00:00:00","2024/01/01 00:00:00",NA,2024,"Propylene","Stationary","scope 1","United States",NA,"gallons","CH4","kg",2.7e-4,1,"kg_per_kg",2.7e-4
"EPA CCCL Emission Factors for GHG Inventories","2023/09/12 00:00:00","2024/01/01 00:00:00",NA,2024,"Propylene","Stationary","scope 1","United States",NA,"gallons","N2O","kg",5e-5,1,"kg_per_kg",5e-5
"EPA CCCL Emission Factors for GHG Inventories","2023/09/12 00:00:00","2024/01/01 00:00:00",NA,2024,"Residual Fuel Oil No. 5","Stationary","scope 1","United States",NA,"gallons","CO2","kg",10.21,1,"kg_per_kg",10.21
"EPA CCCL Emission Factors for GHG Inventories","2023/09/12 00:00:00","2024/01/01 00:00:00",NA,2024,"Residual Fuel Oil No. 5","Stationary","scope 1","United States",NA,"gallons","CH4","kg",4.2e-4,1,"kg_per_kg",4.2e-4
"EPA CCCL Emission Factors for GHG Inventories","2023/09/12 00:00:00","2024/01/01 00:00:00",NA,2024,"Residual Fuel Oil No. 5","Stationary","scope 1","United States",NA,"gallons","N2O","kg",8e-5,1,"kg_per_kg",8e-5
"EPA CCCL Emission Factors for GHG Inventories","2023/09/12 00:00:00","2024/01/01 00:00:00",NA,2024,"Residual Fuel Oil No. 6","Stationary","scope 1","United States",NA,"gallons","CO2","kg",11.27,1,"kg_per_kg",11.27
"EPA CCCL Emission Factors for GHG Inventories","2023/09/12 00:00:00","2024/01/01 00:00:00",NA,2024,"Residual Fuel Oil No. 6","Stationary","scope 1","United States",NA,"gallons","CH4","kg",4.5e-4,1,"kg_per_kg",4.5e-4
"EPA CCCL Emission Factors for GHG Inventories","2023/09/12 00:00:00","2024/01/01 00:00:00",NA,2024,"Residual Fuel Oil No. 6","Stationary","scope 1","United States",NA,"gallons","N2O","kg",9e-5,1,"kg_per_kg",9e-5
"EPA CCCL Emission Factors for GHG Inventories","2023/09/12 00:00:00","2024/01/01 00:00:00",NA,2024,"Special Naphtha","Stationary","scope 1","United States",NA,"gallons","CO2","kg",9.04,1,"kg_per_kg",9.04
"EPA CCCL Emission Factors for GHG Inventories","2023/09/12 00:00:00","2024/01/01 00:00:00",NA,2024,"Special Naphtha","Stationary","scope 1","United States",NA,"gallons","CH4","kg",3.8e-4,1,"kg_per_kg",3.8e-4
"EPA CCCL Emission Factors for GHG Inventories","2023/09/12 00:00:00","2024/01/01 00:00:00",NA,2024,"Special Naphtha","Stationary","scope 1","United States",NA,"gallons","N2O","kg",8e-5,1,"kg_per_kg",8e-5
"EPA CCCL Emission Factors for GHG Inventories","2023/09/12 00:00:00","2024/01/01 00:00:00",NA,2024,"Unfinished Oils","Stationary","scope 1","United States",NA,"gallons","CO2","kg",10.36,1,"kg_per_kg",10.36
"EPA CCCL Emission Factors for GHG Inventories","2023/09/12 00:00:00","2024/01/01 00:00:00",NA,2024,"Unfinished Oils","Stationary","scope 1","United States",NA,"gallons","CH4","kg",4.2e-4,1,"kg_per_kg",4.2e-4
"EPA CCCL Emission Factors for GHG Inventories","2023/09/12 00:00:00","2024/01/01 00:00:00",NA,2024,"Unfinished Oils","Stationary","scope 1","United States",NA,"gallons","N2O","kg",8e-5,1,"kg_per_kg",8e-5
"EPA CCCL Emission Factors for GHG Inventories","2023/09/12 00:00:00","2024/01/01 00:00:00",NA,2024,"Used Oil","Stationary","scope 1","United States",NA,"gallons","CO2","kg",10.21,1,"kg_per_kg",10.21
"EPA CCCL Emission Factors for GHG Inventories","2023/09/12 00:00:00","2024/01/01 00:00:00",NA,2024,"Used Oil","Stationary","scope 1","United States",NA,"gallons","CH4","kg",4.1e-4,1,"kg_per_kg",4.1e-4
"EPA CCCL Emission Factors for GHG Inventories","2023/09/12 00:00:00","2024/01/01 00:00:00",NA,2024,"Used Oil","Stationary","scope 1","United States",NA,"gallons","N2O","kg",8e-5,1,"kg_per_kg",8e-5
"U.S. Energy Information Administration Form EIA-1605","2023/11/18 00:00:00","2024/01/01 00:00:00",NA,2024,"Chilled Water","Indirect Energy","scope 2","United States",NA,"therms","CO2","lbs",11.5559,2.2046230000000002,"lbs_per_kg",5.241667169398123
"U.S. Energy Information Administration Form EIA-1605","2023/11/18 00:00:00","2024/01/01 00:00:00",NA,2024,"Chilled Water","Indirect Energy","scope 2","United States",NA,"ton hrs","CO2","lbs",1.38671,2.2046230000000002,"lbs_per_kg",0.6290009675123592
"U.S. Energy Information Administration Form EIA-1605","2023/11/18 00:00:00","2024/01/01 00:00:00",NA,2024,"Chilled Water","Indirect Energy","scope 2","United States",NA,"kbtu","CO2","lbs",0.11556,2.2046230000000002,"lbs_per_kg",0.05241712528627343
"U.S. Energy Information Administration Form EIA-1605","2023/11/18 00:00:00","2024/01/01 00:00:00",NA,2024,"Chilled Water","Indirect Energy","scope 2","United States",NA,"therms","CH4","lbs",6e-5,2.2046230000000002,"lbs_per_kg",2.721553753181383e-5
"U.S. Energy Information Administration Form EIA-1605","2023/11/18 00:00:00","2024/01/01 00:00:00",NA,2024,"Chilled Water","Indirect Energy","scope 2","United States",NA,"ton hrs","CH4","lbs",1e-5,2.2046230000000002,"lbs_per_kg",4.5359229219689715e-6
"U.S. Energy Information Administration Form EIA-1605","2023/11/18 00:00:00","2024/01/01 00:00:00",NA,2024,"Chilled Water","Indirect Energy","scope 2","United States",NA,"kbtu","CH4","lbs",0,2.2046230000000002,"lbs_per_kg",0
"U.S. Energy Information Administration Form EIA-1605","2023/11/18 00:00:00","2024/01/01 00:00:00",NA,2024,"Chilled Water","Indirect Energy","scope 2","United States",NA,"therms","N2O","lbs",1.8e-4,2.2046230000000002,"lbs_per_kg",8.164661259544148e-5
"U.S. Energy Information Administration Form EIA-1605","2023/11/18 00:00:00","2024/01/01 00:00:00",NA,2024,"Chilled Water","Indirect Energy","scope 2","United States",NA,"ton hrs","N2O","lbs",2e-5,2.2046230000000002,"lbs_per_kg",9.071845843937943e-6
"U.S. Energy Information Administration Form EIA-1605","2023/11/18 00:00:00","2024/01/01 00:00:00",NA,2024,"Chilled Water","Indirect Energy","scope 2","United States",NA,"kbtu","N2O","lbs",0,2.2046230000000002,"lbs_per_kg",0
"USEPA eGRID2022","2024/01/30 00:00:00","2024/01/01 00:00:00",NA,2024,"Electricity","Indirect Energy","scope 2","United States","AKGD","kWh","CO2","lbs",1.052114,2.2046230000000002,"lbs_per_kg",0.4772308009124462
"USEPA eGRID2022","2024/01/30 00:00:00","2024/01/01 00:00:00",NA,2024,"Electricity","Indirect Energy","scope 2","United States","AKMS","kWh","CO2","lbs",0.495772,2.2046230000000002,"lbs_per_kg",0.22487835788704008
"USEPA eGRID2022","2024/01/30 00:00:00","2024/01/01 00:00:00",NA,2024,"Electricity","Indirect Energy","scope 2","United States","AZNM","kWh","CO2","lbs",0.776036,2.2046230000000002,"lbs_per_kg",0.3520039480673112
"USEPA eGRID2022","2024/01/30 00:00:00","2024/01/01 00:00:00",NA,2024,"Electricity","Indirect Energy","scope 2","United States","CAMX","kWh","CO2","lbs",0.497443,2.2046230000000002,"lbs_per_kg",0.2256363106073011
"USEPA eGRID2022","2024/01/30 00:00:00","2024/01/01 00:00:00",NA,2024,"Electricity","Indirect Energy","scope 2","United States","ERCT","kWh","CO2","lbs",0.771083,2.2046230000000002,"lbs_per_kg",0.34975730544406
"USEPA eGRID2022","2024/01/30 00:00:00","2024/01/01 00:00:00",NA,2024,"Electricity","Indirect Energy","scope 2","United States","FRCC","kWh","CO2","lbs",0.813846,2.2046230000000002,"lbs_per_kg",0.3691542726352759
"USEPA eGRID2022","2024/01/30 00:00:00","2024/01/01 00:00:00",NA,2024,"Electricity","Indirect Energy","scope 2","United States","HIMS","kWh","CO2","lbs",1.155486,2.2046230000000002,"lbs_per_kg",0.5241195433414239
"USEPA eGRID2022","2024/01/30 00:00:00","2024/01/01 00:00:00",NA,2024,"Electricity","Indirect Energy","scope 2","United States","HIOA","kWh","CO2","lbs",1.575407,2.2046230000000002,"lbs_per_kg",0.7145924722730371
"USEPA eGRID2022","2024/01/30 00:00:00","2024/01/01 00:00:00",NA,2024,"Electricity","Indirect Energy","scope 2","United States","MROE","kWh","CO2","lbs",1.479621,2.2046230000000002,"lbs_per_kg",0.6711446809726651
"USEPA eGRID2022","2024/01/30 00:00:00","2024/01/01 00:00:00",NA,2024,"Electricity","Indirect Energy","scope 2","United States","MROW","kWh","CO2","lbs",0.936485,2.2046230000000002,"lbs_per_kg",0.4247823777580112
"USEPA eGRID2022","2024/01/30 00:00:00","2024/01/01 00:00:00",NA,2024,"Electricity","Indirect Energy","scope 2","United States","NEWE","kWh","CO2","lbs",0.536428,2.2046230000000002,"lbs_per_kg",0.24331960611859713
"USEPA eGRID2022","2024/01/30 00:00:00","2024/01/01 00:00:00",NA,2024,"Electricity","Indirect Energy","scope 2","United States","NWPP","kWh","CO2","lbs",0.602088,2.2046230000000002,"lbs_per_kg",0.27310247602424537
"USEPA eGRID2022","2024/01/30 00:00:00","2024/01/01 00:00:00",NA,2024,"Electricity","Indirect Energy","scope 2","United States","NYCW","kWh","CO2","lbs",0.885233,2.2046230000000002,"lbs_per_kg",0.40153486559833584
"USEPA eGRID2022","2024/01/30 00:00:00","2024/01/01 00:00:00",NA,2024,"Electricity","Indirect Energy","scope 2","United States","NYLI","kWh","CO2","lbs",1.200708,2.2046230000000002,"lbs_per_kg",0.544631893979152
"USEPA eGRID2022","2024/01/30 00:00:00","2024/01/01 00:00:00",NA,2024,"Electricity","Indirect Energy","scope 2","United States","NYUP","kWh","CO2","lbs",0.274559,2.2046230000000002,"lbs_per_kg",0.12453784615328788
"USEPA eGRID2022","2024/01/30 00:00:00","2024/01/01 00:00:00",NA,2024,"Electricity","Indirect Energy","scope 2","United States","PRMS","kWh","CO2","lbs",1.593481,2.2046230000000002,"lbs_per_kg",0.7227906993622037
"USEPA eGRID2022","2024/01/30 00:00:00","2024/01/01 00:00:00",NA,2024,"Electricity","Indirect Energy","scope 2","United States","RFCE","kWh","CO2","lbs",0.657386,2.2046230000000002,"lbs_per_kg",0.2981852225981494
"USEPA eGRID2022","2024/01/30 00:00:00","2024/01/01 00:00:00",NA,2024,"Electricity","Indirect Energy","scope 2","United States","RFCM","kWh","CO2","lbs",1.216404,2.2046230000000002,"lbs_per_kg",0.5517514785974744
"USEPA eGRID2022","2024/01/30 00:00:00","2024/01/01 00:00:00",NA,2024,"Electricity","Indirect Energy","scope 2","United States","RFCW","kWh","CO2","lbs",1.000053,2.2046230000000002,"lbs_per_kg",0.4536163325883836
"USEPA eGRID2022","2024/01/30 00:00:00","2024/01/01 00:00:00",NA,2024,"Electricity","Indirect Energy","scope 2","United States","RMPA","kWh","CO2","lbs",1.124887,2.2046230000000002,"lbs_per_kg",0.510240072792491
"USEPA eGRID2022","2024/01/30 00:00:00","2024/01/01 00:00:00",NA,2024,"Electricity","Indirect Energy","scope 2","United States","SPNO","kWh","CO2","lbs",0.952575,2.2046230000000002,"lbs_per_kg",0.43208067773945924
"USEPA eGRID2022","2024/01/30 00:00:00","2024/01/01 00:00:00",NA,2024,"Electricity","Indirect Energy","scope 2","United States","SPSO","kWh","CO2","lbs",0.970398,2.2046230000000002,"lbs_per_kg",0.4401650531632846
"USEPA eGRID2022","2024/01/30 00:00:00","2024/01/01 00:00:00",NA,2024,"Electricity","Indirect Energy","scope 2","United States","SRMV","kWh","CO2","lbs",0.801015,2.2046230000000002,"lbs_per_kg",0.36333422993409753
"USEPA eGRID2022","2024/01/30 00:00:00","2024/01/01 00:00:00",NA,2024,"Electricity","Indirect Energy","scope 2","United States","SRMW","kWh","CO2","lbs",1.369887,2.2046230000000002,"lbs_per_kg",0.6213701843807308
"USEPA eGRID2022","2024/01/30 00:00:00","2024/01/01 00:00:00",NA,2024,"Electricity","Indirect Energy","scope 2","United States","SRSO","kWh","CO2","lbs",0.89329,2.2046230000000002,"lbs_per_kg",0.40518945869656625
"USEPA eGRID2022","2024/01/30 00:00:00","2024/01/01 00:00:00",NA,2024,"Electricity","Indirect Energy","scope 2","United States","SRTV","kWh","CO2","lbs",0.933067,2.2046230000000002,"lbs_per_kg",0.4232319993032822
"USEPA eGRID2022","2024/01/30 00:00:00","2024/01/01 00:00:00",NA,2024,"Electricity","Indirect Energy","scope 2","United States","SRVC","kWh","CO2","lbs",0.622987,2.2046230000000002,"lbs_per_kg",0.2825821013388683
"USEPA eGRID2022","2024/01/30 00:00:00","2024/01/01 00:00:00",NA,2024,"Electricity","Indirect Energy","scope 2","United States","AKGD","kWh","CH4","lbs",8.8e-5,2.2046230000000002,"lbs_per_kg",3.9916121713326946e-5
"USEPA eGRID2022","2024/01/30 00:00:00","2024/01/01 00:00:00",NA,2024,"Electricity","Indirect Energy","scope 2","United States","AKMS","kWh","CH4","lbs",2.3e-5,2.2046230000000002,"lbs_per_kg",1.0432622720528633e-5
"USEPA eGRID2022","2024/01/30 00:00:00","2024/01/01 00:00:00",NA,2024,"Electricity","Indirect Energy","scope 2","United States","AZNM","kWh","CH4","lbs",5.1e-5,2.2046230000000002,"lbs_per_kg",2.313320690204175e-5
"USEPA eGRID2022","2024/01/30 00:00:00","2024/01/01 00:00:00",NA,2024,"Electricity","Indirect Energy","scope 2","United States","CAMX","kWh","CH4","lbs",3e-5,2.2046230000000002,"lbs_per_kg",1.3607768765906914e-5
"USEPA eGRID2022","2024/01/30 00:00:00","2024/01/01 00:00:00",NA,2024,"Electricity","Indirect Energy","scope 2","United States","ERCT","kWh","CH4","lbs",4.9e-5,2.2046230000000002,"lbs_per_kg",2.2226022317647957e-5
"USEPA eGRID2022","2024/01/30 00:00:00","2024/01/01 00:00:00",NA,2024,"Electricity","Indirect Energy","scope 2","United States","FRCC","kWh","CH4","lbs",4.8e-5,2.2046230000000002,"lbs_per_kg",2.177243002545106e-5
"USEPA eGRID2022","2024/01/30 00:00:00","2024/01/01 00:00:00",NA,2024,"Electricity","Indirect Energy","scope 2","United States","HIMS","kWh","CH4","lbs",1.24e-4,2.2046230000000002,"lbs_per_kg",5.6245444232415245e-5
"USEPA eGRID2022","2024/01/30 00:00:00","2024/01/01 00:00:00",NA,2024,"Electricity","Indirect Energy","scope 2","United States","HIOA","kWh","CH4","lbs",1.63e-4,2.2046230000000002,"lbs_per_kg",7.393554362809423e-5
"USEPA eGRID2022","2024/01/30 00:00:00","2024/01/01 00:00:00",NA,2024,"Electricity","Indirect Energy","scope 2","United States","MROE","kWh","CH4","lbs",1.33e-4,2.2046230000000002,"lbs_per_kg",6.032777486218732e-5
"USEPA eGRID2022","2024/01/30 00:00:00","2024/01/01 00:00:00",NA,2024,"Electricity","Indirect Energy","scope 2","United States","MROW","kWh","CH4","lbs",1.02e-4,2.2046230000000002,"lbs_per_kg",4.62664138040835e-5
"USEPA eGRID2022","2024/01/30 00:00:00","2024/01/01 00:00:00",NA,2024,"Electricity","Indirect Energy","scope 2","United States","NEWE","kWh","CH4","lbs",6.3e-5,2.2046230000000002,"lbs_per_kg",2.857631440840452e-5
"USEPA eGRID2022","2024/01/30 00:00:00","2024/01/01 00:00:00",NA,2024,"Electricity","Indirect Energy","scope 2","United States","NWPP","kWh","CH4","lbs",5.6e-5,2.2046230000000002,"lbs_per_kg",2.5401168363026238e-5
"USEPA eGRID2022","2024/01/30 00:00:00","2024/01/01 00:00:00",NA,2024,"Electricity","Indirect Energy","scope 2","United States","NYCW","kWh","CH4","lbs",2.3e-5,2.2046230000000002,"lbs_per_kg",1.0432622720528633e-5
"USEPA eGRID2022","2024/01/30 00:00:00","2024/01/01 00:00:00",NA,2024,"Electricity","Indirect Energy","scope 2","United States","NYLI","kWh","CH4","lbs",1.35e-4,2.2046230000000002,"lbs_per_kg",6.12349594465811e-5
"USEPA eGRID2022","2024/01/30 00:00:00","2024/01/01 00:00:00",NA,2024,"Electricity","Indirect Energy","scope 2","United States","NYUP","kWh","CH4","lbs",1.5e-5,2.2046230000000002,"lbs_per_kg",6.803884382953457e-6
"USEPA eGRID2022","2024/01/30 00:00:00","2024/01/01 00:00:00",NA,2024,"Electricity","Indirect Energy","scope 2","United States","PRMS","kWh","CH4","lbs",8.7e-5,2.2046230000000002,"lbs_per_kg",3.9462529421130046e-5
"USEPA eGRID2022","2024/01/30 00:00:00","2024/01/01 00:00:00",NA,2024,"Electricity","Indirect Energy","scope 2","United States","RFCE","kWh","CH4","lbs",4.5e-5,2.2046230000000002,"lbs_per_kg",2.041165314886037e-5
"USEPA eGRID2022","2024/01/30 00:00:00","2024/01/01 00:00:00",NA,2024,"Electricity","Indirect Energy","scope 2","United States","RFCM","kWh","CH4","lbs",1.16e-4,2.2046230000000002,"lbs_per_kg",5.2616705894840064e-5
"USEPA eGRID2022","2024/01/30 00:00:00","2024/01/01 00:00:00",NA,2024,"Electricity","Indirect Energy","scope 2","United States","RFCW","kWh","CH4","lbs",8.7e-5,2.2046230000000002,"lbs_per_kg",3.9462529421130046e-5
"USEPA eGRID2022","2024/01/30 00:00:00","2024/01/01 00:00:00",NA,2024,"Electricity","Indirect Energy","scope 2","United States","RMPA","kWh","CH4","lbs",1.01e-4,2.2046230000000002,"lbs_per_kg",4.581282151188661e-5
"USEPA eGRID2022","2024/01/30 00:00:00","2024/01/01 00:00:00",NA,2024,"Electricity","Indirect Energy","scope 2","United States","SPNO","kWh","CH4","lbs",1e-4,2.2046230000000002,"lbs_per_kg",4.5359229219689715e-5
"USEPA eGRID2022","2024/01/30 00:00:00","2024/01/01 00:00:00",NA,2024,"Electricity","Indirect Energy","scope 2","United States","SPSO","kWh","CH4","lbs",7.2e-5,2.2046230000000002,"lbs_per_kg",3.265864503817659e-5
"USEPA eGRID2022","2024/01/30 00:00:00","2024/01/01 00:00:00",NA,2024,"Electricity","Indirect Energy","scope 2","United States","SRMV","kWh","CH4","lbs",4e-5,2.2046230000000002,"lbs_per_kg",1.8143691687875886e-5
"USEPA eGRID2022","2024/01/30 00:00:00","2024/01/01 00:00:00",NA,2024,"Electricity","Indirect Energy","scope 2","United States","SRMW","kWh","CH4","lbs",1.51e-4,2.2046230000000002,"lbs_per_kg",6.849243612173147e-5
"USEPA eGRID2022","2024/01/30 00:00:00","2024/01/01 00:00:00",NA,2024,"Electricity","Indirect Energy","scope 2","United States","SRSO","kWh","CH4","lbs",6.4e-5,2.2046230000000002,"lbs_per_kg",2.9029906700601413e-5
"USEPA eGRID2022","2024/01/30 00:00:00","2024/01/01 00:00:00",NA,2024,"Electricity","Indirect Energy","scope 2","United States","SRTV","kWh","CH4","lbs",8.2e-5,2.2046230000000002,"lbs_per_kg",3.7194567960145565e-5
"USEPA eGRID2022","2024/01/30 00:00:00","2024/01/01 00:00:00",NA,2024,"Electricity","Indirect Energy","scope 2","United States","SRVC","kWh","CH4","lbs",4.7e-5,2.2046230000000002,"lbs_per_kg",2.1318837733254164e-5
"USEPA eGRID2022","2024/01/30 00:00:00","2024/01/01 00:00:00",NA,2024,"Electricity","Indirect Energy","scope 2","United States","AKGD","kWh","N2O","lbs",1.2e-5,2.2046230000000002,"lbs_per_kg",5.443107506362765e-6
"USEPA eGRID2022","2024/01/30 00:00:00","2024/01/01 00:00:00",NA,2024,"Electricity","Indirect Energy","scope 2","United States","AKMS","kWh","N2O","lbs",4e-6,2.2046230000000002,"lbs_per_kg",1.8143691687875883e-6
"USEPA eGRID2022","2024/01/30 00:00:00","2024/01/01 00:00:00",NA,2024,"Electricity","Indirect Energy","scope 2","United States","AZNM","kWh","N2O","lbs",7e-6,2.2046230000000002,"lbs_per_kg",3.1751460453782798e-6
"USEPA eGRID2022","2024/01/30 00:00:00","2024/01/01 00:00:00",NA,2024,"Electricity","Indirect Energy","scope 2","United States","CAMX","kWh","N2O","lbs",4e-6,2.2046230000000002,"lbs_per_kg",1.8143691687875883e-6
"USEPA eGRID2022","2024/01/30 00:00:00","2024/01/01 00:00:00",NA,2024,"Electricity","Indirect Energy","scope 2","United States","ERCT","kWh","N2O","lbs",7e-6,2.2046230000000002,"lbs_per_kg",3.1751460453782798e-6
"USEPA eGRID2022","2024/01/30 00:00:00","2024/01/01 00:00:00",NA,2024,"Electricity","Indirect Energy","scope 2","United States","FRCC","kWh","N2O","lbs",6e-6,2.2046230000000002,"lbs_per_kg",2.7215537531813825e-6
"USEPA eGRID2022","2024/01/30 00:00:00","2024/01/01 00:00:00",NA,2024,"Electricity","Indirect Energy","scope 2","United States","HIMS","kWh","N2O","lbs",1.9e-5,2.2046230000000002,"lbs_per_kg",8.618253551741046e-6
"USEPA eGRID2022","2024/01/30 00:00:00","2024/01/01 00:00:00",NA,2024,"Electricity","Indirect Energy","scope 2","United States","HIOA","kWh","N2O","lbs",2.5e-5,2.2046230000000002,"lbs_per_kg",1.1339807304922429e-5
"USEPA eGRID2022","2024/01/30 00:00:00","2024/01/01 00:00:00",NA,2024,"Electricity","Indirect Energy","scope 2","United States","MROE","kWh","N2O","lbs",1.9e-5,2.2046230000000002,"lbs_per_kg",8.618253551741046e-6
"USEPA eGRID2022","2024/01/30 00:00:00","2024/01/01 00:00:00",NA,2024,"Electricity","Indirect Energy","scope 2","United States","MROW","kWh","N2O","lbs",1.5e-5,2.2046230000000002,"lbs_per_kg",6.803884382953457e-6
"USEPA eGRID2022","2024/01/30 00:00:00","2024/01/01 00:00:00",NA,2024,"Electricity","Indirect Energy","scope 2","United States","NEWE","kWh","N2O","lbs",8e-6,2.2046230000000002,"lbs_per_kg",3.6287383375751766e-6
"USEPA eGRID2022","2024/01/30 00:00:00","2024/01/01 00:00:00",NA,2024,"Electricity","Indirect Energy","scope 2","United States","NWPP","kWh","N2O","lbs",8e-6,2.2046230000000002,"lbs_per_kg",3.6287383375751766e-6
"USEPA eGRID2022","2024/01/30 00:00:00","2024/01/01 00:00:00",NA,2024,"Electricity","Indirect Energy","scope 2","United States","NYCW","kWh","N2O","lbs",3e-6,2.2046230000000002,"lbs_per_kg",1.3607768765906913e-6
"USEPA eGRID2022","2024/01/30 00:00:00","2024/01/01 00:00:00",NA,2024,"Electricity","Indirect Energy","scope 2","United States","NYLI","kWh","N2O","lbs",1.8e-5,2.2046230000000002,"lbs_per_kg",8.164661259544148e-6
"USEPA eGRID2022","2024/01/30 00:00:00","2024/01/01 00:00:00",NA,2024,"Electricity","Indirect Energy","scope 2","United States","NYUP","kWh","N2O","lbs",2e-6,2.2046230000000002,"lbs_per_kg",9.071845843937941e-7
"USEPA eGRID2022","2024/01/30 00:00:00","2024/01/01 00:00:00",NA,2024,"Electricity","Indirect Energy","scope 2","United States","PRMS","kWh","N2O","lbs",1.4e-5,2.2046230000000002,"lbs_per_kg",6.3502920907565596e-6
"USEPA eGRID2022","2024/01/30 00:00:00","2024/01/01 00:00:00",NA,2024,"Electricity","Indirect Energy","scope 2","United States","RFCE","kWh","N2O","lbs",6e-6,2.2046230000000002,"lbs_per_kg",2.7215537531813825e-6
"USEPA eGRID2022","2024/01/30 00:00:00","2024/01/01 00:00:00",NA,2024,"Electricity","Indirect Energy","scope 2","United States","RFCM","kWh","N2O","lbs",1.6e-5,2.2046230000000002,"lbs_per_kg",7.257476675150353e-6
"USEPA eGRID2022","2024/01/30 00:00:00","2024/01/01 00:00:00",NA,2024,"Electricity","Indirect Energy","scope 2","United States","RFCW","kWh","N2O","lbs",1.2e-5,2.2046230000000002,"lbs_per_kg",5.443107506362765e-6
"USEPA eGRID2022","2024/01/30 00:00:00","2024/01/01 00:00:00",NA,2024,"Electricity","Indirect Energy","scope 2","United States","RMPA","kWh","N2O","lbs",1.4e-5,2.2046230000000002,"lbs_per_kg",6.3502920907565596e-6
"USEPA eGRID2022","2024/01/30 00:00:00","2024/01/01 00:00:00",NA,2024,"Electricity","Indirect Energy","scope 2","United States","SPNO","kWh","N2O","lbs",1.4e-5,2.2046230000000002,"lbs_per_kg",6.3502920907565596e-6
"USEPA eGRID2022","2024/01/30 00:00:00","2024/01/01 00:00:00",NA,2024,"Electricity","Indirect Energy","scope 2","United States","SPSO","kWh","N2O","lbs",1e-5,2.2046230000000002,"lbs_per_kg",4.5359229219689715e-6
"USEPA eGRID2022","2024/01/30 00:00:00","2024/01/01 00:00:00",NA,2024,"Electricity","Indirect Energy","scope 2","United States","SRMV","kWh","N2O","lbs",6e-6,2.2046230000000002,"lbs_per_kg",2.7215537531813825e-6
"USEPA eGRID2022","2024/01/30 00:00:00","2024/01/01 00:00:00",NA,2024,"Electricity","Indirect Energy","scope 2","United States","SRMW","kWh","N2O","lbs",2.2e-5,2.2046230000000002,"lbs_per_kg",9.979030428331737e-6
"USEPA eGRID2022","2024/01/30 00:00:00","2024/01/01 00:00:00",NA,2024,"Electricity","Indirect Energy","scope 2","United States","SRSO","kWh","N2O","lbs",9e-6,2.2046230000000002,"lbs_per_kg",4.082330629772074e-6
"USEPA eGRID2022","2024/01/30 00:00:00","2024/01/01 00:00:00",NA,2024,"Electricity","Indirect Energy","scope 2","United States","SRTV","kWh","N2O","lbs",1.2e-5,2.2046230000000002,"lbs_per_kg",5.443107506362765e-6
"USEPA eGRID2022","2024/01/30 00:00:00","2024/01/01 00:00:00",NA,2024,"Electricity","Indirect Energy","scope 2","United States","SRVC","kWh","N2O","lbs",7e-6,2.2046230000000002,"lbs_per_kg",3.1751460453782798e-6
